SKETCH	Wheel Front	3D=False
POINT	0	0,0,0
POINT	1	22.5,0,0
POINT	2	18.750000000000007,-9.184850993605138E-16,0
POINT	3	26.250000000000007,16,0
POINT	4	18.750000000000004,16,0
POINT	5	26.25,0,0
POINT	6	22.5,16,0
POINT	7	22.5,0,0
POINT	8	22.5,8,0
POINT	9	18.750000000000007,7.999999999999999,0
POINT	10	26.250000000000004,8,0
POINT	11	26,13.000000000000002,0
POINT	12	19.000000000000004,3.000000000000001,0
POINT	13	19.000000000000004,13.000000000000002,0
POINT	14	26,3.000000000000001,0
LINE	True	0,0,0	22.5,0,0
LINE	True	22.5,16,0	22.5,0,0
LINE	False	18.750000000000007,-9.184850993605138E-16,0	26.25,0,0
LINE	False	18.750000000000007,-9.184850993605138E-16,0	18.750000000000004,16,0
LINE	False	18.750000000000004,16,0	26.250000000000007,16,0
LINE	False	26.25,0,0	26.250000000000007,16,0
LINE	True	18.750000000000007,7.999999999999999,0	26.250000000000004,8,0
LINE	False	19.000000000000004,3.000000000000001,0	26,3.000000000000001,0
LINE	False	19.000000000000004,3.000000000000001,0	19.000000000000004,13.000000000000002,0
LINE	False	19.000000000000004,13.000000000000002,0	26,13.000000000000002,0
LINE	False	26,3.000000000000001,0	26,13.000000000000002,0
LINE	True	19.000000000000004,3.000000000000001,0	26,13.000000000000002,0
LINE	True	19.000000000000004,13.000000000000002,0	26,3.000000000000001,0
SKETCH	Wheel Top	3D=False
POINT	0	22.5,0,0
POINT	1	26.25,0,-8.000000000000002
POINT	2	18.75,0,7.999999999999998
POINT	3	18.75,0,-8.000000000000002
POINT	4	26.25,0,7.999999999999998
POINT	5	22.5,0,0
POINT	6	25.999999999999996,0,-5
POINT	7	18.999999999999996,0,5.000000000000002
POINT	8	18.999999999999996,0,-5
POINT	9	25.999999999999996,0,5.000000000000002
LINE	False	18.75,0,7.999999999999998	26.25,0,7.999999999999998
LINE	False	18.75,0,7.999999999999998	18.75,0,-8.000000000000002
LINE	False	18.75,0,-8.000000000000002	26.25,0,-8.000000000000002
LINE	False	26.25,0,7.999999999999998	26.25,0,-8.000000000000002
LINE	True	18.75,0,7.999999999999998	26.25,0,-8.000000000000002
LINE	True	18.75,0,-8.000000000000002	26.25,0,7.999999999999998
LINE	False	18.999999999999996,0,5.000000000000002	25.999999999999996,0,5.000000000000002
LINE	False	18.999999999999996,0,5.000000000000002	18.999999999999996,0,-5
LINE	False	18.999999999999996,0,-5	25.999999999999996,0,-5
LINE	False	25.999999999999996,0,5.000000000000002	25.999999999999996,0,-5
LINE	True	18.999999999999996,0,5.000000000000002	25.999999999999996,0,-5
LINE	True	18.999999999999996,0,-5	25.999999999999996,0,5.000000000000002
SKETCH	FVSA OUTBOARD BRAKES	3D=False
POINT	0	12.250000000000002,7.1503783071421,0
POINT	1	19.80525812124304,10.32690382,0
POINT	2	12.250000000000002,3.403756471766637,0
POINT	3	21.34,4.44540107,0
POINT	4	3.673940397442059E-16,2,0
POINT	5	0,0,0
POINT	6	0,2.0000000000000004,0
POINT	7	22.5,0,0
LINE	False	12.250000000000002,7.1503783071421,0	19.80525812124304,10.32690382,0
LINE	False	12.250000000000002,3.403756471766637,0	21.34,4.44540107,0
LINE	True	0,2.0000000000000004,0	22.5,0,0
LINE	True	19.80525812124304,10.32690382,0	21.34,4.44540107,0
LINE	True	21.34,4.44540107,0	22.5,0,0
LINE	True	12.250000000000002,7.1503783071421,0	0,2.0000000000000004,0
LINE	True	0,2.0000000000000004,0	12.250000000000002,3.403756471766637,0
LINE	True	3.673940397442059E-16,2,0	0,0,0
SKETCH	SVSA OUTBOARD BRAKES	3D=False
POINT	0	0,8,0
POINT	1	0,0,-20.55950449871256
POINT	2	0,0,20.55950449871256
POINT	3	0,10.326903816816587,-2.9407513712118925
POINT	4	0,0,0
POINT	5	0,10.326903816816587,2.9407513712118925
POINT	6	0,4.445401074392803,1.1947076956612945
POINT	7	0,10.326903816816587,2.9407513712118925
POINT	8	0,4.445401074392803,1.1947076956612945
POINT	9	0,4.445401074392803,2.9407513712118925
POINT	10	0,0,-0.1249999999999999
LINE	True	0,0,20.55950449871256	0,0,-20.55950449871256
LINE	False	0,10.326903816816587,2.9407513712118925	0,4.445401074392803,1.1947076956612945
LINE	True	0,4.445401074392803,1.1947076956612945	0,0,-0.1249999999999999
LINE	False	0,10.326903816816587,-2.9407513712118925	0,10.326903816816587,2.9407513712118925
LINE	True	0,10.326903816816587,2.9407513712118925	0,4.445401074392803,2.9407513712118925
LINE	True	0,4.445401074392803,2.9407513712118925	0,4.445401074392803,1.1947076956612945
SKETCH	3D HARDPOINTS OUTBOARD BRAKES	3D=True
POINT	0	12.250000000000002,7.1503783071421,8
POINT	1	12.250000000000002,7.1503783071421,-2.5
POINT	2	19.80525812124304,10.326903818408296,2.9407513712118925
POINT	3	12.250000000000002,7.1503783071421,-2.5
POINT	4	12.250000000000002,3.403756471766637,8
POINT	5	12.250000000000002,3.403756471766637,-3.0000000000000004
POINT	6	12.250000000000002,7.1503783071421,8
POINT	7	19.80525812124304,10.326903818408296,2.9407513712118925
POINT	8	12.250000000000002,3.403756471766637,-3.0000000000000004
POINT	9	19.80525812124304,10.326903818408296,-2.9407513712118925
POINT	10	12.250000000000002,3.403756471766637,8
POINT	11	21.34,4.445401072196401,1.1947076956612945
POINT	12	21.34,4.445401072196401,1.1947076956612945
POINT	13	19.80525812124304,10.326903818408296,-2.9407513712118925
POINT	14	12.250000000000002,7.1503783071421,-2.9407513712118925
POINT	15	12.250000000000002,7.1503783071421,-2.9407513712118925
POINT	16	12.250000000000002,10.326903816816587,-2.9407513712118925
LINE	False	12.250000000000002,7.1503783071421,8	19.80525812124304,10.326903818408296,2.9407513712118925
LINE	False	19.80525812124304,10.326903818408296,2.9407513712118925	12.250000000000002,7.1503783071421,-2.5
LINE	False	12.250000000000002,3.403756471766637,8	21.34,4.445401072196401,1.1947076956612945
LINE	False	21.34,4.445401072196401,1.1947076956612945	12.250000000000002,3.403756471766637,-3.0000000000000004
LINE	False	19.80525812124304,10.326903818408296,2.9407513712118925	21.34,4.445401072196401,1.1947076956612945
LINE	False	19.80525812124304,10.326903818408296,-2.9407513712118925	12.250000000000002,7.1503783071421,-2.9407513712118925
LINE	True	19.80525812124304,10.326903818408296,-2.9407513712118925	12.250000000000002,10.326903816816587,-2.9407513712118925
SKETCH	SVSA NEW	3D=False
POINT	0	0,8,-1.4342201966737382E-15
POINT	1	0,0,-20.133887343275884
POINT	2	0,0,20.133887343275884
POINT	3	0,0,-1.650901574803
POINT	4	0,0,0
POINT	5	0,8,3.75
POINT	6	0,8,-1.25
POINT	7	0,4.530828275191547,-1.4238495509672182
POINT	8	0,11.594139637217191,-1.0698879699222186
LINE	True	0,0,20.133887343275884	0,0,-20.133887343275884
LINE	True	0,0,-1.650901574803	0,4.530828275191547,-1.4238495509672182
LINE	True	0,8,3.75	0,8,-1.25
LINE	False	0,4.530828275191547,-1.4238495509672182	0,11.594139637217191,-1.0698879699222186
SKETCH	FVSA INBOARD BRAKES	3D=False
POINT	0	12.250000000000002,7.961149535978039,0
POINT	1	21.220527579835604,11.594139637217191,0
POINT	2	12.250000000000002,3.8523930168680223,0
POINT	3	22,4.530828275191548,0
POINT	4	12.25,5.833397274653035,0
POINT	5	21.617159213051195,8,0
POINT	6	-3.756290991288362E-16,3.000000000000001,0
POINT	7	22.5,0,0
POINT	8	-1.2246467991473537E-16,3.0000000000000004,0
POINT	9	0,0,0
LINE	False	12.250000000000002,7.961149535978039,0	21.220527579835604,11.594139637217191,0
LINE	False	12.250000000000002,3.8523930168680223,0	22,4.530828275191548,0
LINE	False	-1.2246467991473537E-16,3.0000000000000004,0	0,0,0
LINE	True	-3.756290991288362E-16,3.000000000000001,0	22.5,0,0
LINE	True	21.220527579835604,11.594139637217191,0	22,4.530828275191548,0
LINE	True	22,4.530828275191548,0	22.5,0,0
LINE	True	12.250000000000002,7.961149535978039,0	-3.756290991288362E-16,3.000000000000001,0
LINE	True	-3.756290991288362E-16,3.000000000000001,0	12.250000000000002,3.8523930168680223,0
LINE	False	12.25,5.833397274653035,0	21.617159213051195,8,0
LINE	True	-1.2246467991473537E-16,3.0000000000000004,0	12.25,5.833397274653035,0
SKETCH	3D HARDPOINTS INBOARD BRAKES	3D=True
POINT	0	12.250000000000002,7.961149535978039,8
POINT	1	12.250000000000002,7.961149535978039,1
POINT	2	12.250000000000002,7.961149535978039,1
POINT	3	12.250000000000002,3.8523930168680223,7
POINT	4	12.250000000000002,7.961149535978039,8
POINT	5	21.220527579835604,11.594139637217191,-1.069887969922219
POINT	6	21.220527579835604,11.594139637217191,-1.069887969922219
POINT	7	12.250000000000002,3.8523930168680223,1.25
POINT	8	12.250000000000002,3.8523930168680223,1.25
POINT	9	12.250000000000002,5.833397274653035,7.482142041897901
POINT	10	12.250000000000002,3.8523930168680223,7
POINT	11	22,4.530828275191547,-1.4238495509672182
POINT	12	22.5,0,-1.6509015748029976
POINT	13	22,4.530828275191547,-1.4238495509672182
POINT	14	21.617159213051195,8,3.75
POINT	15	12.250000000000002,5.833397274653035,7.482142041897901
POINT	16	21.617159213051195,8,3.75
LINE	False	12.250000000000002,5.833397274653035,7.482142041897901	21.617159213051195,8,3.75
LINE	False	12.250000000000002,7.961149535978039,8	21.220527579835604,11.594139637217191,-1.069887969922219
LINE	False	21.220527579835604,11.594139637217191,-1.069887969922219	12.250000000000002,7.961149535978039,1
LINE	False	12.250000000000002,3.8523930168680223,7	22,4.530828275191547,-1.4238495509672182
LINE	False	22,4.530828275191547,-1.4238495509672182	12.250000000000002,3.8523930168680223,1.25
LINE	True	12.250000000000002,7.961149535978039,8	12.250000000000002,3.8523930168680223,7
LINE	True	21.220527579835604,11.594139637217191,-1.069887969922219	22,4.530828275191547,-1.4238495509672182
LINE	True	22,4.530828275191547,-1.4238495509672182	22.5,0,-1.6509015748029976
SKETCH	SVSA INBOARD BRAKES REAR TIEROD UPRIGHT	3D=False
POINT	0	0,8,0
POINT	1	0,0,-20.55950449871256
POINT	2	0,0,20.55950449871256
POINT	3	0,0,0
POINT	4	0,10.549509756796393,2.6500000000000004
POINT	5	0,10.549509756796393,2.6500000000000004
POINT	6	0,4.45,0.7427271224147235
POINT	7	0,0,-0.6487559055118111
POINT	8	0,9.993714075200863,0
POINT	9	0,6.006285924799136,0
POINT	10	0,8,0
POINT	11	0,4.45,2.940751371211874
LINE	True	0,0,20.55950449871256	0,0,-20.55950449871256
LINE	False	0,10.549509756796393,2.6500000000000004	0,4.45,0.7427271224147235
LINE	True	0,4.45,0.7427271224147235	0,0,-0.6487559055118111
LINE	True	0,4.45,0.7427271224147235	0,4.45,2.940751371211874
LINE	True	0,6.006285924799136,0	0,9.993714075200863,0
SKETCH	FVSA INBOARD BRAKES REAR TIEROD	3D=False
POINT	0	12.250000000000004,9.633704359346625,0
POINT	1	20.537629669999998,10.549509756796393,0
POINT	2	21.102602153,-9.184850993605136E-16,0
POINT	3	12.250000000000002,4.763704858820807,0
POINT	4	0,0,0
POINT	5	20.86428514990606,4.450000000000001,0
POINT	6	-20.897397847,5.970827629998585,0
POINT	7	0,3.0000000000000004,0
POINT	8	22.5,8,0
POINT	9	20.674167091258088,7.999999999999999,0
POINT	10	-20.897397847,5.970827629998585,0
LINE	False	12.250000000000004,9.633704359346625,0	20.537629669999998,10.549509756796393,0
LINE	False	12.250000000000002,4.763704858820807,0	20.86428514990606,4.450000000000001,0
LINE	True	21.102602153,-9.184850993605136E-16,0	20.86428514990606,4.450000000000001,0
LINE	True	-20.897397847,5.970827629998585,0	12.250000000000004,9.633704359346625,0
LINE	True	-20.897397847,5.970827629998585,0	12.250000000000002,4.763704858820807,0
LINE	True	20.537629669999998,10.549509756796393,0	20.86428514990606,4.450000000000001,0
LINE	False	22.5,8,0	20.674167091258088,7.999999999999999,0
LINE	False	0,0,0	0,3.0000000000000004,0
LINE	True	-20.897397847,5.970827629998585,0	21.102602153,-9.184850993605136E-16,0
SKETCH	3D HARDPOINTS (PARALLEL)	3D=True
POINT	0	12.250000000000004,9.633704359346625,8
POINT	1	20.537629669999998,10.549509756796393,2.6500000000000004
POINT	2	21.102602153000003,0,-0.648755905511812
POINT	3	20.537629669999998,10.549509756796393,-2.75
POINT	4	12.250000000000002,4.763704858820807,1.5000000000000002
POINT	5	12.250000000000002,4.763704858820807,8
POINT	6	12.250000000000004,9.633704359346625,2
POINT	7	20.86428514990606,4.45,0.7427271224147235
POINT	8	12.250000000000004,9.633704359346625,1.5000000000000002
LINE	False	12.250000000000004,9.633704359346625,8	20.537629669999998,10.549509756796393,2.6500000000000004
LINE	False	20.537629669999998,10.549509756796393,2.6500000000000004	12.250000000000004,9.633704359346625,2
LINE	False	12.250000000000002,4.763704858820807,8	20.86428514990606,4.45,0.7427271224147235
LINE	True	20.537629669999998,10.549509756796393,2.6500000000000004	20.86428514990606,4.45,0.7427271224147235
LINE	False	20.86428514990606,4.45,0.7427271224147235	12.250000000000002,4.763704858820807,1.5000000000000002
LINE	False	20.537629669999998,10.549509756796393,-2.75	12.250000000000004,9.633704359346625,1.5000000000000002
LINE	True	20.86428514990606,4.45,0.7427271224147235	21.102602153000003,0,-0.648755905511812
SKETCH	SVSA INBOARD BRAKES REAR TIEROD CHASSIS	3D=False
POINT	0	0,10.25736518648121,8.000000000000002
POINT	1	0,9.78961956613027,2.000000000000001
POINT	2	0,5.665651371699724,8.000000000000002
POINT	3	0,4.932819829985605,1.5000000000000009
POINT	4	0,9.633704359346625,0
POINT	5	0,8,0
POINT	6	0,10.5,60.94874896173013
POINT	7	0,0,0
POINT	8	0,5.665651371699724,8.000000000000002
POINT	9	0,4.763704858820807,0
POINT	10	0,4.932819829985605,1.5000000000000009
POINT	11	0,10.25736518648121,8.000000000000002
POINT	12	0,9.78961956613027,2.000000000000001
POINT	13	0,20.54776883420185,140
POINT	14	0,9.633704359346625,0
POINT	15	0,8,-4.531876591884232
POINT	16	0,5.4761785957653775,37.311350424141224
POINT	17	0,8,4.531876591884232
POINT	18	0,9.75075867192794,1.501512456623243
POINT	19	0,8,0
LINE	True	0,9.78961956613027,2.000000000000001	0,9.633704359346625,0
LINE	True	0,10.5,60.94874896173013	0,0,0
LINE	False	0,10.25736518648121,8.000000000000002	0,9.78961956613027,2.000000000000001
LINE	False	0,5.665651371699724,8.000000000000002	0,4.932819829985605,1.5000000000000009
LINE	True	0,10.25736518648121,8.000000000000002	0,20.54776883420185,140
LINE	True	0,20.54776883420185,140	0,5.665651371699724,8.000000000000002
LINE	True	0,20.54776883420185,140	0,8,0
LINE	True	0,20.54776883420185,140	0,0,0
LINE	True	0,4.932819829985605,1.5000000000000009	0,4.763704858820807,0
LINE	True	0,8,4.531876591884232	0,8,-4.531876591884232
SKETCH	CHASSIS PLANE	3D=True
POINT	0	12.250000000000004,9.633704359346625,-5.423490422133963
SKETCH	3D HARDPOINTS (ANTI + INBOARD BRAKES)	3D=True
POINT	0	12.250000000000007,10.25736518648121,8.000000000000002
POINT	1	12.250000000000007,9.78961956613027,2.000000000000001
POINT	2	12.250000000000004,5.665651371699724,8.000000000000002
POINT	3	12.250000000000007,10.25736518648121,8.000000000000002
POINT	4	20.537629669999998,10.549509756796393,2.6500000000000004
POINT	5	12.250000000000007,9.78961956613027,2.000000000000001
POINT	6	12.250000000000004,5.665651371699724,8.000000000000002
POINT	7	20.86428514990606,4.45,0.7427271224147235
POINT	8	12.250000000000004,4.932819829985605,1.5000000000000009
POINT	9	20.537629669999998,10.549509756796393,2.6500000000000004
POINT	10	12.250000000000004,4.932819829985605,1.5000000000000009
POINT	11	20.86428514990606,4.45,0.7427271224147235
POINT	12	21.102602153000003,0,-0.6487559055118106
POINT	13	11.917952755900002,9.121141732300003,1.1192913386
POINT	14	20.7414173228,9.2622440945,-3.1677559055
LINE	False	12.250000000000007,10.25736518648121,8.000000000000002	20.537629669999998,10.549509756796393,2.6500000000000004
LINE	False	20.537629669999998,10.549509756796393,2.6500000000000004	12.250000000000007,9.78961956613027,2.000000000000001
LINE	False	12.250000000000004,5.665651371699724,8.000000000000002	20.86428514990606,4.45,0.7427271224147235
LINE	False	20.86428514990606,4.45,0.7427271224147235	12.250000000000004,4.932819829985605,1.5000000000000009
LINE	False	20.537629669999998,10.549509756796393,2.6500000000000004	20.86428514990606,4.45,0.7427271224147235
LINE	True	20.86428514990606,4.45,0.7427271224147235	21.102602153000003,0,-0.6487559055118106
LINE	False	11.917952755900002,9.121141732300003,1.1192913386	20.7414173228,9.2622440945,-3.1677559055
SKETCH	Wheel Side	3D=False
POINT	0	0,8,0
SKETCH	OUTBOARD BRAKE TIEROD	3D=True
POINT	0	21.062992126,9.4737007874,-3.070866141700001
POINT	1	11.692913385800003,9.0504330709,1.1417322835000001
LINE	False	21.062992126,9.4737007874,-3.070866141700001	11.692913385800003,9.0504330709,1.1417322835000001

