SKETCH	3DSketch3	3D=True
POINT	0	8,-12.25,-7.961149535978046
POINT	1	0,-12.25,-7.961149535978046
POINT	2	0.7861762499660425,-19.384796495872003,-10.850683603308099
POINT	3	-0.6463055604271736,-19.384796495872003,-10.850683603308099
POINT	4	-1.0698879699222177,-21.220527579835604,-11.594139637217202
POINT	5	-0.791743200037947,-19.384796495872003,-10.850683603308099
LINE	True	8,-12.25,-7.961149535978046	0,-12.25,-7.961149535978046
LINE	True	0.7861762499660425,-19.384796495872003,-10.850683603308099	-0.6463055604271736,-19.384796495872003,-10.850683603308099
LINE	False	-1.0698879699222177,-21.220527579835604,-11.594139637217202	-0.791743200037947,-19.384796495872003,-10.850683603308099
SKETCH	PLANAR SKETCH	3D=False
POINT	0	-0.930815584980084,-20.3026620378538,-11.222411620262648
POINT	1	-1.069887969922219,-21.220527579835604,-11.594139637217202
POINT	2	1.3590403072458164,-5.189814002259634,-12.493003047465347
POINT	3	1.2841366443989883,-5.68417160692667,-12.493003047465347
POINT	4	1.2841366443989883,-5.68417160692667,-13.493003047465347
POINT	5	0.4430402909198723,-11.235333763714596,-7.117330707144051
POINT	6	-0.9029717949274008,-20.118895465804528,-11.686582462036192
POINT	7	0.36813662807304437,-11.729691368381632,-7.11733070714405
POINT	8	-0.23749649798148545,-15.72681687765844,-11.059472134695426
POINT	9	0.16944311909147933,-13.041051099398766,-13.455013401474545
POINT	10	0.4430402909198723,-11.235333763714596,-7.117330707144051
POINT	11	0.36813662807304437,-11.729691368381632,-8.11733070714405
LINE	False	-0.930815584980084,-20.3026620378538,-11.222411620262648	-1.069887969922219,-21.220527579835604,-11.594139637217202
LINE	False	-0.930815584980084,-20.3026620378538,-11.222411620262648	-0.9029717949274008,-20.118895465804528,-11.686582462036192
LINE	False	1.3590403072458164,-5.189814002259634,-12.493003047465347	1.2841366443989883,-5.68417160692667,-12.493003047465347
LINE	False	1.2841366443989883,-5.68417160692667,-12.493003047465347	1.2841366443989883,-5.68417160692667,-13.493003047465347
LINE	False	1.2841366443989883,-5.68417160692667,-13.493003047465347	0.16944311909147933,-13.041051099398766,-13.455013401474545
LINE	False	0.4430402909198723,-11.235333763714596,-7.117330707144051	0.36813662807304437,-11.729691368381632,-7.11733070714405
LINE	False	0.36813662807304437,-11.729691368381632,-7.11733070714405	0.36813662807304437,-11.729691368381632,-8.11733070714405
LINE	False	-0.9029717949274008,-20.118895465804528,-11.686582462036192	-0.23749649798148545,-15.72681687765844,-11.059472134695426
LINE	False	0.16944311909147933,-13.041051099398766,-13.455013401474545	0.36813662807304437,-11.729691368381632,-8.11733070714405
LINE	False	0.36813662807304437,-11.729691368381632,-8.11733070714405	-0.23749649798148545,-15.72681687765844,-11.059472134695426
LINE	True	0.16944311909147933,-13.041051099398766,-13.455013401474545	-0.23749649798148545,-15.72681687765844,-11.059472134695426
SKETCH	RIDE HEIGHT	3D=True
POINT	0	8,-12.25,-7.961149535978046
POINT	1	-1.0698879699222177,-21.220527579835604,-11.594139637217202
POINT	2	1,-12.25,-7.961149535978046
POINT	3	-0.930815584980084,-20.3026620378538,-11.222411620262648
POINT	4	-0.1418558599780822,-20.3026620378538,-11.222411620262648
POINT	5	-0.9029717949274008,-20.118895465804528,-11.686582462036192
POINT	6	-0.23749649798148545,-15.72681687765844,-11.059472134695426
POINT	7	0.16944311909147933,-13.041051099398766,-13.455013401474545
POINT	8	1.2841366443989883,-5.68417160692667,-13.493003047465347
LINE	False	8,-12.25,-7.961149535978046	-1.0698879699222177,-21.220527579835604,-11.594139637217202
LINE	False	-1.0698879699222177,-21.220527579835604,-11.594139637217202	1,-12.25,-7.961149535978046
LINE	True	8,-12.25,-7.961149535978046	1,-12.25,-7.961149535978046
LINE	True	-0.930815584980084,-20.3026620378538,-11.222411620262648	-0.1418558599780822,-20.3026620378538,-11.222411620262648
LINE	False	-1.0698879699222177,-21.220527579835604,-11.594139637217202	-0.930815584980084,-20.3026620378538,-11.222411620262648
LINE	False	-0.930815584980084,-20.3026620378538,-11.222411620262648	-0.9029717949274008,-20.118895465804528,-11.686582462036192
LINE	False	-0.9029717949274008,-20.118895465804528,-11.686582462036192	-0.23749649798148545,-15.72681687765844,-11.059472134695426
LINE	True	-0.23749649798148545,-15.72681687765844,-11.059472134695426	0.16944311909147933,-13.041051099398766,-13.455013401474545
LINE	False	0.16944311909147933,-13.041051099398766,-13.455013401474545	1.2841366443989883,-5.68417160692667,-13.493003047465347
LINE	True	-0.1418558599780822,-20.3026620378538,-11.222411620262648	-0.9029717949274008,-20.118895465804528,-11.686582462036192
SKETCH	MAX COMPRESSION	3D=True
POINT	0	8,-12.25,-7.961149535978046
POINT	1	-1.0698879699222161,-19.724778143847065,-14.109049489340915
POINT	2	1,-12.25,-7.961149535978046
POINT	3	-0.141855859978079,-18.959957877576652,-13.47999557110451
POINT	4	-0.930815584980081,-18.95995787757665,-13.47999557110451
POINT	5	-0.9029717949273977,-18.645867033316136,-13.868031220120443
POINT	6	-0.060800463072217335,-14.560638546025519,-12.21632461409608
POINT	7	0.44087395683192715,-11.249631378676566,-13.595857122822748
POINT	8	5.311712674743397,-12.478727996849914,-8.11733070714405
POINT	9	0.36813662807304437,-11.729691368381632,-8.11733070714405
POINT	10	5.806070279410433,-12.55363165969674,-8.11733070714405
POINT	11	1.2841366443989883,-5.68417160692667,-13.493003047465347
LINE	False	8,-12.25,-7.961149535978046	-1.0698879699222161,-19.724778143847065,-14.109049489340915
LINE	False	-1.0698879699222161,-19.724778143847065,-14.109049489340915	1,-12.25,-7.961149535978046
LINE	True	-0.141855859978079,-18.959957877576652,-13.47999557110451	-0.930815584980081,-18.95995787757665,-13.47999557110451
LINE	False	-1.0698879699222161,-19.724778143847065,-14.109049489340915	-0.930815584980081,-18.95995787757665,-13.47999557110451
LINE	False	-0.930815584980081,-18.95995787757665,-13.47999557110451	-0.9029717949273977,-18.645867033316136,-13.868031220120443
LINE	True	-0.141855859978079,-18.959957877576652,-13.47999557110451	-0.9029717949273977,-18.645867033316136,-13.868031220120443
LINE	False	-0.9029717949273977,-18.645867033316136,-13.868031220120443	-0.060800463072217335,-14.560638546025519,-12.21632461409608
LINE	False	-0.060800463072217335,-14.560638546025519,-12.21632461409608	0.36813662807304437,-11.729691368381632,-8.11733070714405
LINE	False	0.36813662807304437,-11.729691368381632,-8.11733070714405	0.44087395683192715,-11.249631378676566,-13.595857122822748
LINE	True	0.44087395683192715,-11.249631378676566,-13.595857122822748	-0.060800463072217335,-14.560638546025519,-12.21632461409608
LINE	False	0.44087395683192715,-11.249631378676566,-13.595857122822748	1.2841366443989883,-5.68417160692667,-13.493003047465347
SKETCH	3DSketch6	3D=True
POINT	0	8,-12.25,-7.961149535978046
POINT	1	-1.069887969922217,-21.469324758157992,-10.9061509179655
POINT	2	1,-12.25,-7.961149535978046
POINT	3	-0.14185585997808006,-20.526002256717337,-10.604817995731219
POINT	4	-0.9308155849800819,-20.526002256717337,-10.604817995731219
POINT	5	-0.9029717949273985,-20.377822909190314,-11.081543917327654
POINT	6	0.36813662807304437,-11.729691368381632,-8.11733070714405
POINT	7	-0.271466694001474,-15.951017191718545,-10.719505928688553
POINT	8	5.311712674743397,-12.478727996849914,-8.11733070714405
POINT	9	0.10480768528920106,-13.467639293042254,-13.328875092358487
POINT	10	5.806070279410433,-12.55363165969674,-8.11733070714405
POINT	11	1.2841366443989883,-5.68417160692667,-13.493003047465347
LINE	False	8,-12.25,-7.961149535978046	-1.069887969922217,-21.469324758157992,-10.9061509179655
LINE	False	-1.069887969922217,-21.469324758157992,-10.9061509179655	1,-12.25,-7.961149535978046
LINE	True	-0.14185585997808006,-20.526002256717337,-10.604817995731219	-0.9308155849800819,-20.526002256717337,-10.604817995731219
LINE	False	-1.069887969922217,-21.469324758157992,-10.9061509179655	-0.9308155849800819,-20.526002256717337,-10.604817995731219
LINE	False	-0.9308155849800819,-20.526002256717337,-10.604817995731219	-0.9029717949273985,-20.377822909190314,-11.081543917327654
LINE	True	-0.9029717949273985,-20.377822909190314,-11.081543917327654	-0.14185585997808006,-20.526002256717337,-10.604817995731219
LINE	False	-0.9029717949273985,-20.377822909190314,-11.081543917327654	-0.271466694001474,-15.951017191718545,-10.719505928688553
LINE	False	-0.271466694001474,-15.951017191718545,-10.719505928688553	0.36813662807304437,-11.729691368381632,-8.11733070714405
LINE	False	0.36813662807304437,-11.729691368381632,-8.11733070714405	0.10480768528920106,-13.467639293042254,-13.328875092358487
LINE	True	0.10480768528920106,-13.467639293042254,-13.328875092358487	-0.271466694001474,-15.951017191718545,-10.719505928688553
LINE	False	0.10480768528920106,-13.467639293042254,-13.328875092358487	1.2841366443989883,-5.68417160692667,-13.493003047465347

